Measures,"Hellinger
 distance","Jensen-Shannon
 divergence","Total variation
 distance","Wasserstein
 distance"
"Hellinger
 distance",-,0.9995059288537549,0.9995059288537549,0.9993412384716732,0.9994510320597277
"Jensen-Shannon
 divergence",0.9995059288537549,-,0.9991765480895916,0.9990118577075099,0.9992314448836188
"Total variation
 distance",0.9995059288537549,0.9991765480895916,-,0.9998353096179183,0.9995059288537549
"Wasserstein
 distance",0.9993412384716732,0.9990118577075099,0.9998353096179183,-,0.9993961352657005
