Measures,"Hellinger
 distance","Jensen-Shannon
 divergence","Total variation
 distance","Wasserstein
 distance"
"Hellinger
 distance",-,1.0,0.9972222222222222,1.0,0.9990740740740741
"Jensen-Shannon
 divergence",1.0,-,0.9972222222222222,1.0,0.9990740740740741
"Total variation
 distance",0.9972222222222222,0.9972222222222222,-,0.9972222222222222,0.9972222222222222
"Wasserstein
 distance",1.0,1.0,0.9972222222222222,-,0.9990740740740741
